{
  "type" : "arObject",
  "data" : {
    "center" : [
      -0.00071123987436294556,
      0.066145710647106171,
      5.5596232414245605e-05
    ],
    "scale" : [
      1,
      1,
      1
    ],
    "extent" : [
      0.12891444563865662,
      0.13094477355480194,
      0.13315826654434204
    ]
  }
}